approach,n,m,avg_time,std_time
FAD-ad trait-Rust,1,1,23.143729999999994,1.1974118795101032
RAD-ad trait-Rust,1,1,119.88931999999996,222.15076235422467
FAD-SIMD-ad trait-Rust,1,1,22.87895,0.9251200891197469
FAD-ad trait-Rust,50,1,1165.8782099999996,27.24757995343973
RAD-ad trait-Rust,50,1,121.68773999999998,215.46218007272026
FAD-SIMD-ad trait-Rust,50,1,45.434540000000005,4.872750587841852
FAD-ad trait-Rust,100,1,2312.4138500000004,80.49582762615523
RAD-ad trait-Rust,100,1,118.25819999999997,215.3190866482355
FAD-SIMD-ad trait-Rust,100,1,133.25166000000002,22.262690830502624
